channel_id,channel_name,channel_subscriber_count,channel_thumbnail_url,video_id,video_url,title,title_length,description,published_at,video_age_days,duration,duration_seconds,view_count,like_count,comment_count,thumbnail_url
UCWkYXtnAuu7VTLPwUcRSB6A,Kylie Jenner,12000000,https://yt3.ggpht.com/eWYvBamPUiKhT2DkBfG7P4y08ZypcqHgJJYe5RH8frov3N7Nljkq_DqWAIhpCgLNOU9lH9lACTU=s88-c-k-c0x00ffffff-no-rj,O34B-eSl09U,https://www.youtube.com/watch?v=O34B-eSl09U,FOURTH STRIKE: Q&A,18,Fourth Strike out now!,2025-10-17T00:48:17Z,292,PT8M55S,535,305695,,1176,https://i.ytimg.com/vi/O34B-eSl09U/hqdefault.jpg
UCWkYXtnAuu7VTLPwUcRSB6A,Kylie Jenner,12000000,https://yt3.ggpht.com/eWYvBamPUiKhT2DkBfG7P4y08ZypcqHgJJYe5RH8frov3N7Nljkq_DqWAIhpCgLNOU9lH9lACTU=s88-c-k-c0x00ffffff-no-rj,JhaIuRajMmI,https://www.youtube.com/watch?v=JhaIuRajMmI,Terror Jr & King Kylie - Fourth Strike (Lyric Video),52,"Stream ""Fourth Strike"" wherever you listen to music!",2025-10-14T04:00:01Z,295,PT2M51S,171,3632038,,4421,https://i.ytimg.com/vi/JhaIuRajMmI/hqdefault.jpg
UCWkYXtnAuu7VTLPwUcRSB6A,Kylie Jenner,12000000,https://yt3.ggpht.com/eWYvBamPUiKhT2DkBfG7P4y08ZypcqHgJJYe5RH8frov3N7Nljkq_DqWAIhpCgLNOU9lH9lACTU=s88-c-k-c0x00ffffff-no-rj,hDLA5DP8zXE,https://www.youtube.com/watch?v=hDLA5DP8zXE,GLOSSES PART 2: KING KYLIE RETURNS,34,"KING KYLIE COLLECTION COMING 10.18, 12PM PST
KYLIECOSMETICS.COM AND NOV 2 AT ULTA BEAUTY

it only felt right to launch my king kylie collection with a part 2 to my video with Colin Tilley and Terror Jr from 10 YEARS AGO! 

thank you Mara Teigen and Karin Jinsui for joining me again xx and my mommy of course!

Credits:

Director : Colin Tilley
Editor: Vinnie Hobbs
Producer: Lisa Arianna
EP: Andrew Lerios, Luga Podesta, Sandy Haddad
Director Of Photography: Elias Talbot
Production Designer: Bradley Dickinson
Production Supervisor: Ivan Ovalle",2025-10-13T15:56:04Z,296,PT2M41S,161,1000167,,1854,https://i.ytimg.com/vi/hDLA5DP8zXE/hqdefault.jpg
UCWkYXtnAuu7VTLPwUcRSB6A,Kylie Jenner,12000000,https://yt3.ggpht.com/eWYvBamPUiKhT2DkBfG7P4y08ZypcqHgJJYe5RH8frov3N7Nljkq_DqWAIhpCgLNOU9lH9lACTU=s88-c-k-c0x00ffffff-no-rj,sAQxc2W6ifY,https://www.youtube.com/watch?v=sAQxc2W6ifY,Behind the Scenes at Bratz,26,"My Bratz dolls are available now at Bratz.com, Amazon, Walmart and Target.",2023-10-08T19:44:03Z,1031,PT1M36S,96,1266133,,7870,https://i.ytimg.com/vi/sAQxc2W6ifY/hqdefault.jpg
UCWkYXtnAuu7VTLPwUcRSB6A,Kylie Jenner,12000000,https://yt3.ggpht.com/eWYvBamPUiKhT2DkBfG7P4y08ZypcqHgJJYe5RH8frov3N7Nljkq_DqWAIhpCgLNOU9lH9lACTU=s88-c-k-c0x00ffffff-no-rj,0KwHgwx6e7E,https://www.youtube.com/watch?v=0KwHgwx6e7E,my tinted butter balms,22,,2023-06-14T16:18:23Z,1148,PT8S,8,1183297,,1586,https://i.ytimg.com/vi/0KwHgwx6e7E/hqdefault.jpg
UCWkYXtnAuu7VTLPwUcRSB6A,Kylie Jenner,12000000,https://yt3.ggpht.com/eWYvBamPUiKhT2DkBfG7P4y08ZypcqHgJJYe5RH8frov3N7Nljkq_DqWAIhpCgLNOU9lH9lACTU=s88-c-k-c0x00ffffff-no-rj,QDW3cVo5nj0,https://www.youtube.com/watch?v=QDW3cVo5nj0,Get Ready with Me: Met Gala 2023,32,Thank you to the entire Jean Paul Gaultier team and to Haider Ackermann for creating the dress of my dreams for this year's Met Gala.,2023-05-05T17:32:09Z,1188,PT7M48S,468,4670533,,2367,https://i.ytimg.com/vi/QDW3cVo5nj0/hqdefault.jpg
UCWkYXtnAuu7VTLPwUcRSB6A,Kylie Jenner,12000000,https://yt3.ggpht.com/eWYvBamPUiKhT2DkBfG7P4y08ZypcqHgJJYe5RH8frov3N7Nljkq_DqWAIhpCgLNOU9lH9lACTU=s88-c-k-c0x00ffffff-no-rj,v1roxVGL9X8,https://www.youtube.com/watch?v=v1roxVGL9X8,Introducing My Kylash Volume Mascara,36,"My first mascara, Kylash Volume Mascara, launches TOMORROW April 6 at 9am pst on http://KylieCosmetics.com 🖤 i can’t wait for you to fall in love.",2023-04-05T19:01:41Z,1217,PT3M9S,189,711129,,1894,https://i.ytimg.com/vi/v1roxVGL9X8/hqdefault.jpg
UCWkYXtnAuu7VTLPwUcRSB6A,Kylie Jenner,12000000,https://yt3.ggpht.com/eWYvBamPUiKhT2DkBfG7P4y08ZypcqHgJJYe5RH8frov3N7Nljkq_DqWAIhpCgLNOU9lH9lACTU=s88-c-k-c0x00ffffff-no-rj,KasWOX17bic,https://www.youtube.com/watch?v=KasWOX17bic,MY 2022 YEAR IN REVIEW,22,I can't believe 2022 is almost over! Join me as I look back and reflect on some of my favorite moments from this year. Thank you for all the support - I'm so grateful for you all. Here's to 2023 - see you all in the New Year!,2022-12-12T18:41:00Z,1331,PT3M50S,230,1917516,,2483,https://i.ytimg.com/vi/KasWOX17bic/hqdefault.jpg
UCWkYXtnAuu7VTLPwUcRSB6A,Kylie Jenner,12000000,https://yt3.ggpht.com/eWYvBamPUiKhT2DkBfG7P4y08ZypcqHgJJYe5RH8frov3N7Nljkq_DqWAIhpCgLNOU9lH9lACTU=s88-c-k-c0x00ffffff-no-rj,Bn37usqFFsI,https://www.youtube.com/watch?v=Bn37usqFFsI,Kris and Kylie Go Live to Celebrate the Launch of the Kris Collection,69,"Join Kylie and Kris as they make martinis, answer your questions and show off the new Kris Collection by Kylie Cosmetics.",2022-09-14T17:15:03Z,1421,PT20M26S,1226,1768190,,1749,https://i.ytimg.com/vi/Bn37usqFFsI/hqdefault.jpg
UCWkYXtnAuu7VTLPwUcRSB6A,Kylie Jenner,12000000,https://yt3.ggpht.com/eWYvBamPUiKhT2DkBfG7P4y08ZypcqHgJJYe5RH8frov3N7Nljkq_DqWAIhpCgLNOU9lH9lACTU=s88-c-k-c0x00ffffff-no-rj,J-iSn6yqoSc,https://www.youtube.com/watch?v=J-iSn6yqoSc,Trailer: The Launch of the Kris Collection,42,,2022-09-14T16:35:31Z,1421,PT15S,15,474715,,367,https://i.ytimg.com/vi/J-iSn6yqoSc/hqdefault.jpg
UCWkYXtnAuu7VTLPwUcRSB6A,Kylie Jenner,12000000,https://yt3.ggpht.com/eWYvBamPUiKhT2DkBfG7P4y08ZypcqHgJJYe5RH8frov3N7Nljkq_DqWAIhpCgLNOU9lH9lACTU=s88-c-k-c0x00ffffff-no-rj,9BG40-q6Zi0,https://www.youtube.com/watch?v=9BG40-q6Zi0,KYLIE’S GLAM BAR: KRIS JENNER,29,"Welcome to the first episode of my new series, Kylie's Glam Bar. 

In each episode I'll be joined by some of my closest friends and family to create a unique glam look while sharing stories over sips, shots and custom-made cocktails inspired by the look of the day. I'm so excited to kick off the series with none other than my mom, Kris Jenner. 

Join us for a martini-themed makeover as we introduce the new Kris Collection by Kylie Cosmetics, launching September 14 at 9am pst only on http://KylieCosmetics.com",2022-09-12T15:52:37Z,1423,PT12M28S,748,4506251,,3367,https://i.ytimg.com/vi/9BG40-q6Zi0/hqdefault.jpg
UCWkYXtnAuu7VTLPwUcRSB6A,Kylie Jenner,12000000,https://yt3.ggpht.com/eWYvBamPUiKhT2DkBfG7P4y08ZypcqHgJJYe5RH8frov3N7Nljkq_DqWAIhpCgLNOU9lH9lACTU=s88-c-k-c0x00ffffff-no-rj,-lc7l5CU_y0,https://www.youtube.com/watch?v=-lc7l5CU_y0,Inside My Kylie Cosmetics x Ulta Beauty Event,45,thank you to the entire Ulta Beauty team for such a perfect night celebrating Kylie Cosmetics 💓,2022-09-08T20:48:49Z,1426,PT1M17S,77,629023,,754,https://i.ytimg.com/vi/-lc7l5CU_y0/hqdefault.jpg
UCWkYXtnAuu7VTLPwUcRSB6A,Kylie Jenner,12000000,https://yt3.ggpht.com/eWYvBamPUiKhT2DkBfG7P4y08ZypcqHgJJYe5RH8frov3N7Nljkq_DqWAIhpCgLNOU9lH9lACTU=s88-c-k-c0x00ffffff-no-rj,bYwDiLgIA3A,https://www.youtube.com/watch?v=bYwDiLgIA3A,Stassie x Kylie: Introducing Our Collab,39,Stas and I do our makeup using our new Stassie X Kylie mini collection launching Monday at 9am PST on http://KylieCosmetics.com,2022-06-11T20:01:50Z,1515,PT4M57S,297,2539742,,2941,https://i.ytimg.com/vi/bYwDiLgIA3A/hqdefault.jpg
UCWkYXtnAuu7VTLPwUcRSB6A,Kylie Jenner,12000000,https://yt3.ggpht.com/eWYvBamPUiKhT2DkBfG7P4y08ZypcqHgJJYe5RH8frov3N7Nljkq_DqWAIhpCgLNOU9lH9lACTU=s88-c-k-c0x00ffffff-no-rj,iH8mWNKM8xU,https://www.youtube.com/watch?v=iH8mWNKM8xU,Married to the Met | Get Ready for the Met Gala with Me,55,"This year’s Met Gala was such a special night. I was honored to be attending with Off White and to pay tribute to my dear friend Virgil and his incredible legacy.

ALL KYLIE COSMETICS PRODUCTS WORN:
All available at http://kyliecosmetics.com

Face Prep:
Night before: Kylie Skin Detox Mask
Day of: (all Kylie Skin)
Clarifying Cleansing Gel
Clarifying Toner
Hyaluronic Acid Serum
Eye Cream
Face Moisturizer 

Lips:
Night before prep: Kylie Skin Sugar Lip Scrub and Lip Oil
Iced Latte Lip Liner
Bare Liquid Lipstick 

Face:
Translucent Setting Powder
Pale Pink Setting Powder
Pink Dreams Blush 
Almond Bronzer
Toasty Bronzer 

Eyes and Brows:
The Bronze Palette (launching May 11)
Shade “Brunette” as eyeliner 
Matte Brown Gel Eyeliner Pencil
Cool Brown Kybrow Pencil

Brow Gel

CREDITS:
Production Company: OBB Pictures

Director & Executive Producer: Michael D. Ratner 

Executive Producers: Scott Ratner, Kfir Goldberg, Arlen Konopaki, Raquel Dominguez

Producer: Tony Carey

Editor: Kristie Ferriso 

Assistant Editor: Jamie Tao

Camera Operators: Arlen Konopaki, Spencer Wardwell

Manager of Post Production: Caroline Rood

Motion Graphics: Joni Dobrov

Manager of Production: Michelle Duerstock

Production Assistants: Amy Savino, Mehran Jafari",2022-05-04T19:11:04Z,1553,PT9M11S,551,8081415,,5007,https://i.ytimg.com/vi/iH8mWNKM8xU/hqdefault.jpg
UCWkYXtnAuu7VTLPwUcRSB6A,Kylie Jenner,12000000,https://yt3.ggpht.com/eWYvBamPUiKhT2DkBfG7P4y08ZypcqHgJJYe5RH8frov3N7Nljkq_DqWAIhpCgLNOU9lH9lACTU=s88-c-k-c0x00ffffff-no-rj,jjXZJZ4F8Ak,https://www.youtube.com/watch?v=jjXZJZ4F8Ak,To Our Son,10,"Director Tyler Ross @whitetrashtyler
Editor Dylan Coughran @dylan_swg
Music Jacob Wilkinson-Smith @mybestfriendjacob_",2022-03-21T16:27:15Z,1598,PT9M43S,583,31720252,,30941,https://i.ytimg.com/vi/jjXZJZ4F8Ak/hqdefault.jpg
UCWkYXtnAuu7VTLPwUcRSB6A,Kylie Jenner,12000000,https://yt3.ggpht.com/eWYvBamPUiKhT2DkBfG7P4y08ZypcqHgJJYe5RH8frov3N7Nljkq_DqWAIhpCgLNOU9lH9lACTU=s88-c-k-c0x00ffffff-no-rj,vM7IBeDvpQE,https://www.youtube.com/watch?v=vM7IBeDvpQE,Introducing Kylie Baby,22,"how cute is this video we shot for KYLIE BABY almost a year ago! 4 more days till my new clean baby care line launches on KylieBaby.com 9.28 

Directed by: Jora Frantzis
Executive Producer: Candice Dragonas
Line Producer: Melissa Larsen-Ekholm
Director of Photography: Rob Witt
Production Designer: Brielle Hubert
Editor: VHPost
VFX/Beauty: Scissor Films

A PRETTYBIRD PRODUCTION",2021-09-24T21:02:26Z,1775,PT1M1S,61,6801674,,6140,https://i.ytimg.com/vi/vM7IBeDvpQE/hqdefault.jpg
UCWkYXtnAuu7VTLPwUcRSB6A,Kylie Jenner,12000000,https://yt3.ggpht.com/eWYvBamPUiKhT2DkBfG7P4y08ZypcqHgJJYe5RH8frov3N7Nljkq_DqWAIhpCgLNOU9lH9lACTU=s88-c-k-c0x00ffffff-no-rj,Y4hDZoz8GOU,https://www.youtube.com/watch?v=Y4hDZoz8GOU,KYLIE BABY: Introducing My Kylie Baby Moisturizing Lotion,57,"i’m so excited to introduce Kylie Baby to you guys 🤍 it was a dream of mine to develop clean, safe, effective, and conscious baby care when i became a mom. i know we all want the absolute best for our kids so making this line completely vegan and hypoallergenic was very personal to me! i’m so proud of these products and couldn’t wait to share this with you and your family! launching September 28th ☁️  http://KylieBaby.com

My lightweight Kylie Baby Moisturizing Lotion leaves the skin irresistibly soft and smooth. Safe for sensitive and delicate skin, this silicone free formula is formulated with Glycerin, Avocado Oil and Sunflower Seed Oil and quickly absorbs to moisturize and soften with a non-greasy feel after use.",2021-09-23T21:08:06Z,1776,PT51S,51,1340783,,1183,https://i.ytimg.com/vi/Y4hDZoz8GOU/hqdefault.jpg
UCWkYXtnAuu7VTLPwUcRSB6A,Kylie Jenner,12000000,https://yt3.ggpht.com/eWYvBamPUiKhT2DkBfG7P4y08ZypcqHgJJYe5RH8frov3N7Nljkq_DqWAIhpCgLNOU9lH9lACTU=s88-c-k-c0x00ffffff-no-rj,oIVs-uQIovM,https://www.youtube.com/watch?v=oIVs-uQIovM,KYLIE BABY: Introducing My Kylie Baby Bubble Bath,49,"i’m so excited to introduce Kylie Baby to you guys 🤍 it was a dream of mine to develop clean, safe, effective, and conscious baby care when i became a mom. i know we all want the absolute best for our kids so making this line completely vegan and hypoallergenic was very personal to me! i’m so proud of these products and couldn’t wait to share this with you and your family! launching September 28th ☁️  http://KylieBaby.com

My mild Kylie Baby Bubble Bath fills the bathtub with tear free, baby-safe bubbles, while gently cleansing from head to toe. This sulfate free formula is safe for sensitive skin and ideal for babies and kids of all ages. For happy, clean bath time fun!",2021-09-23T21:07:54Z,1776,PT49S,49,960865,,1172,https://i.ytimg.com/vi/oIVs-uQIovM/hqdefault.jpg
UCWkYXtnAuu7VTLPwUcRSB6A,Kylie Jenner,12000000,https://yt3.ggpht.com/eWYvBamPUiKhT2DkBfG7P4y08ZypcqHgJJYe5RH8frov3N7Nljkq_DqWAIhpCgLNOU9lH9lACTU=s88-c-k-c0x00ffffff-no-rj,8yh0LRuDJoo,https://www.youtube.com/watch?v=8yh0LRuDJoo,Introducing Kylie Baby,22,"i’m so excited to introduce Kylie Baby to you guys 🤍 it was a dream of mine to develop clean, safe, effective, and conscious baby care when i became a mom. i know we all want the absolute best for our kids so making this line completely vegan and hypoallergenic was very personal to me! i’m so proud of these products and couldn’t wait to share this with you and your family! launching September 28th ☁️  http://KylieBaby.com",2021-09-23T21:07:38Z,1776,PT1M,60,1587595,,2728,https://i.ytimg.com/vi/8yh0LRuDJoo/hqdefault.jpg
UCWkYXtnAuu7VTLPwUcRSB6A,Kylie Jenner,12000000,https://yt3.ggpht.com/eWYvBamPUiKhT2DkBfG7P4y08ZypcqHgJJYe5RH8frov3N7Nljkq_DqWAIhpCgLNOU9lH9lACTU=s88-c-k-c0x00ffffff-no-rj,iCerBZ8IPEU,https://www.youtube.com/watch?v=iCerBZ8IPEU,KYLIE BABY: Introducing My Kylie Baby Gentle Shampoo and Conditioner,68,"i’m so excited to introduce Kylie Baby to you guys 🤍 it was a dream of mine to develop clean, safe, effective, and conscious baby care when i became a mom. i know we all want the absolute best for our kids so making this line completely vegan and hypoallergenic was very personal to me! i’m so proud of these products and couldn’t wait to share this with you and your family! launching September 28th ☁️  http://KylieBaby.com

My Kylie Baby Gentle Conditioner eases combing, enhances curls and helps detangle all hair types and textures, leaving your baby's hair silky smooth. This tear free, silicone free conditioner is formulated with Murumuru Butter, Glycerin and caring botanical oils to take extra care of babies' and kids' hair and delivers gentle yet effective conditioning. Safe for delicate hair and sensitive scalp, it is ideal for babies and kids of all ages.

My tear free Kylie Baby Gentle Shampoo cleanses and softens hair and is safe for delicate hair and sensitive scalp. The moisture-rich, sulfate free formula delivers a creamy lather to cleanse hair without drying it out and is ideal for babies and kids of all ages. This dreamy shampoo works wonders for all types of hair and leaves hair soft and shiny.",2021-09-23T21:06:49Z,1776,PT46S,46,697521,,971,https://i.ytimg.com/vi/iCerBZ8IPEU/hqdefault.jpg
